OBJECTID,LAD20CD,LAD20NM,LAD20NMW,BNG_E,BNG_N,LONG,LAT,SHAPE_Length,SHAPE_Area
1,E06000001,Hartlepool, ,447160,531474,-1.27018,54.67614,51065.2959126344,-96029870.6708467
2,E06000002,Middlesbrough, ,451141,516887,-1.21099,54.54467,35500.3867452485,-55231394.2093227
3,E06000003,Redcar and Cleveland, ,464361,519597,-1.00608,54.56752,78449.3892396539,-248342847.94384
4,E06000004,Stockton-on-Tees, ,444940,518183,-1.30664,54.556911,87566.566060878,-205231414.427653
5,E06000005,Darlington, ,428029,515648,-1.56835,54.535339,91926.8395447382,-198812770.766707
6,E06000006,Halton, ,354246,382146,-2.68853,53.33424,59054.981307065,-82890886.7071891
7,E06000007,Warrington, ,362744,388456,-2.5616701,53.391628,71969.486708141,-178742992.981357
8,E06000008,Blackburn with Darwen, ,369490,422806,-2.4635999,53.700802,55099.1506570023,-139386372.837703
9,E06000009,Blackpool, ,332819,436635,-3.0219901,53.82164,29836.1563680106,-33544769.4871176
10,E06000010,"Kingston upon Hull, City of", ,511894,431650,-0.30382001,53.769199,41042.5011604266,-70878198.3373082
11,E06000011,East Riding of Yorkshire, ,488056,443597,-0.66194999,53.881119,340793.497810578,-2412613738.89523
12,E06000012,North East Lincolnshire, ,523465,404564,-0.13911,53.52327,75953.9464686513,-187657861.148655
13,E06000013,North Lincolnshire, ,497800,410993,-0.52407002,53.58643,177069.182075893,-846504712.657268
14,E06000014,York, ,460864,452589,-1.07375,53.96582,84229.8119266522,-275337364.606917
15,E06000015,Derby, ,435609,335375,-1.47189,52.914639,40201.8369858684,-78270268.2160091
16,E06000016,Leicester, ,458946,304594,-1.1303999,52.635921,40830.2301887663,-73589165.1551729
17,E06000017,Rutland, ,492992,308655,-0.62629998,52.667648,96395.3187509396,-392185479.476863
18,E06000018,Nottingham, ,456082,339969,-1.16667,52.954189,49574.8901430337,-75870408.955196
19,E06000019,"Herefordshire, County of", ,349434,242834,-2.73931,52.081539,285426.725653293,-2180535921.47886
20,E06000020,Telford and Wrekin, ,367035,313057,-2.4894099,52.714169,93575.1938714998,-291802973.438352
21,E06000021,Stoke-on-Trent, ,389438,346652,-2.15888,53.017071,51304.0331368415,-92988650.0173675
22,E06000022,Bath and North East Somerset, ,366217,161999,-2.4865401,51.356041,107062.696328706,-348611816.210552
23,E06000023,"Bristol, City of", ,359990,174846,-2.57742,51.471149,63557.8612004235,-109330796.983861
24,E06000024,North Somerset, ,347614,166718,-2.75438,51.39706,109731.313803356,-372311828.356559
25,E06000025,South Gloucestershire, ,367559,183198,-2.4692199,51.54673,116032.943494706,-522992145.367848
26,E06000026,Plymouth, ,249945,58255,-4.1129699,50.404942,49419.7959385561,-82887770.2532619
27,E06000027,Torbay, ,289730,64613,-3.5552299,50.470921,56146.1355861174,-64585349.2308042
28,E06000030,Swindon, ,418551,186564,-1.73367,51.577629,83649.254196991,-227720526.640504
29,E06000031,Peterborough, ,517372,300777,-0.26874,52.59214,97208.3826482827,-341526539.430695
30,E06000032,Luton, ,508606,222559,-0.42319,51.891022,30772.5559397546,-44068117.7992678
31,E06000033,Southend-on-Sea, ,587777,186837,0.70692301,51.549171,33131.3544512127,-44205147.5177647
32,E06000034,Thurrock, ,562123,181590,0.33486101,51.509979,68731.0048286447,-162739408.424064
33,E06000035,Medway, ,578207,175198,0.56317401,51.44772,112723.919080566,-191217828.31016
34,E06000036,Bracknell Forest, ,488169,168792,-0.73363,51.411301,57917.0191370737,-108233672.335584
35,E06000037,West Berkshire, ,450575,172095,-1.27364,51.445591,143114.430665937,-701217777.186148
36,E06000038,Reading, ,470226,173154,-0.99071002,51.453018,30503.9475666732,-41326311.0230798
37,E06000039,Slough, ,498920,179246,-0.57617003,51.503502,37004.5367813503,-32201925.6620227
38,E06000040,Windsor and Maidenhead, ,492079,176541,-0.67540997,51.480339,102785.912931044,-197867256.121639
39,E06000041,Wokingham, ,476624,169902,-0.89934999,51.422958,75874.001667713,-179124859.588279
40,E06000042,Milton Keynes, ,486408,242308,-0.74070001,52.072411,87925.4078110089,-309327268.513171
41,E06000043,Brighton and Hove, ,530279,106850,-0.15079001,50.8465,48465.2595079761,-85523816.9097939
42,E06000044,Portsmouth, ,465619,101352,-1.07006,50.807999,51554.1793642027,-39178188.5313964
43,E06000045,Southampton, ,442303,113700,-1.39952,50.9212,38059.1784530292,-53090944.0732104
44,E06000046,Isle of Wight, ,447183,85949,-1.33366,50.671291,107978.588403458,-381511432.427765
45,E06000047,County Durham, ,410381,532242,-1.8405,54.685131,263873.617316414,-2231981189.70857
46,E06000049,Cheshire East, ,380510,363462,-2.29299,53.167931,236392.416985265,-1168796057.5599
47,E06000050,Cheshire West and Chester, ,353097,363145,-2.70298,53.163361,214193.425388783,-916831933.278578
48,E06000051,Shropshire, ,350227,302960,-2.73667,52.62212,469624.12470206,-3188264185.45653
49,E06000052,Cornwall, ,212497,64493,-4.64254,50.450218,546004.838435013,-3575746111.94125
50,E06000053,Isles of Scilly, ,91327,11447,-6.3021698,49.923321,40530.3596244933,-13752661.8738607
51,E06000054,Wiltshire, ,405209,158863,-1.92661,51.328831,348922.106721656,-3258221477.74873
52,E06000055,Bedford, ,505721,256463,-0.45462999,52.196281,115931.402375604,-475803430.16787
53,E06000056,Central Bedfordshire, ,504615,234492,-0.47753999,51.999031,200740.568495412,-709169826.973608
54,E06000057,Northumberland, ,395322,600699,-2.0752299,55.300369,424657.525904154,-5027276699.47936
55,E06000058,"Bournemouth, Christchurch and Poole", ,410815,94066,-1.84807,50.74609,94498.4970523302,-162067280.153285
56,E06000059,Dorset, ,370871,99796,-2.41467,50.79697,388925.084855931,-2487596432.62584
57,E06000060,Buckinghamshire, ,482506,208561,-0.80568999,51.769661,301381.02531839,-1572439224.26833
58,E07000008,Cambridge, ,545420,257901,0.126436,52.200169,30618.5641218865,-40207020.326669
59,E07000009,East Cambridgeshire, ,555576,275765,0.283149,52.35788,166638.442876232,-657742533.360079
60,E07000010,Fenland, ,536361,294959,0.0090159997,52.535439,136403.379974394,-548320875.846329
61,E07000011,Huntingdonshire, ,521008,274269,-0.2247,52.353149,193568.986000984,-911218575.238769
62,E07000012,South Cambridgeshire, ,543295,247586,0.091017,52.108051,225220.831060765,-898564128.722951
63,E07000026,Allerdale, ,317520,532997,-3.2809,54.685242,202114.662099207,-1255997419.51849
64,E07000027,Barrow-in-Furness, ,321741,474165,-3.1998999,54.15731,85581.545494558,-74597924.0627193
65,E07000028,Carlisle, ,348576,565154,-2.80498,54.978329,179473.925183638,-1041241339.6661
66,E07000029,Copeland, ,310871,508739,-3.3766401,54.466171,142439.232914636,-740589572.968615
67,E07000030,Eden, ,359636,526396,-2.62678,54.631069,236157.203157497,-2159468222.06971
68,E07000031,South Lakeland, ,349265,489555,-2.78108,54.29908,239586.895187671,-1560618821.144
69,E07000032,Amber Valley, ,436166,348084,-1.46219,53.028839,85444.7262481982,-267681266.48613
70,E07000033,Bolsover, ,448666,371548,-1.27228,53.23875,82096.4194763555,-160954585.782177
71,E07000034,Chesterfield, ,440049,373359,-1.40115,53.255749,41521.4567240287,-65592701.8692924
72,E07000035,Derbyshire Dales, ,419697,358493,-1.70711,53.12326,197736.975829844,-795379595.210646
73,E07000036,Erewash, ,443721,338063,-1.3509001,52.938202,57580.622577382,-108863746.303894
74,E07000037,High Peak, ,410474,387660,-1.84398,53.385689,133612.92951375,-539851897.894224
75,E07000038,North East Derbyshire, ,437369,362955,-1.44253,53.16243,129145.462960491,-274688141.14649
76,E07000039,South Derbyshire, ,431443,325363,-1.5348001,52.824902,128744.988918728,-336648446.103427
77,E07000040,East Devon, ,313790,96050,-3.2235899,50.757599,169999.596103481,-818295895.258765
78,E07000041,Exeter, ,293239,92005,-3.51368,50.717819,30622.2212779731,-46654961.8498795
79,E07000042,Mid Devon, ,288064,108911,-3.5921199,50.86882,204276.477064197,-906820123.649374
80,E07000043,North Devon, ,265110,132532,-3.9269099,51.07621,198485.351523007,-1091493100.01057
81,E07000044,South Hams, ,270676,54036,-3.8199601,50.371948,234574.690558979,-892121498.157035
82,E07000045,Teignbridge, ,283144,80205,-3.65289,50.60981,132633.259232417,-676060075.139734
83,E07000046,Torridge, ,244206,114334,-4.2172799,50.907391,225483.644618089,-986367932.267871
84,E07000047,West Devon, ,256376,86999,-4.0336099,50.66489,203128.9016415,-1167171395.59637
85,E07000061,Eastbourne, ,559339,99575,0.25851601,50.773869,29565.2269771294,-44412284.8850782
86,E07000062,Hastings, ,581528,110694,0.57839501,50.867241,27724.9801132081,-29408062.0214333
87,E07000063,Lewes, ,541474,105686,0.007671,50.833408,94178.2261197298,-292471813.317786
88,E07000064,Rother, ,578721,119666,0.54293698,50.948711,134081.528400286,-515728948.9099
89,E07000065,Wealden, ,555048,117180,0.205156,50.93322,169033.736900511,-839406175.025295
90,E07000066,Basildon, ,571548,190848,0.47505501,51.590359,48910.4402074431,-110769915.588097
91,E07000067,Braintree, ,577253,227335,0.57591099,51.91634,131727.891724061,-612574968.507885
92,E07000068,Brentwood, ,558560,196070,0.29009101,51.641079,62499.6745087456,-153037244.153209
93,E07000069,Castle Point, ,579490,187920,0.58808398,51.561588,39590.0550361793,-43417519.9310223
94,E07000070,Chelmsford, ,572116,206972,0.49117699,51.735031,94187.1167627565,-340537513.55629
95,E07000071,Colchester, ,596944,223693,0.85977697,51.877022,119135.191012115,-334457052.211205
96,E07000072,Epping Forest, ,548919,203758,0.154147,51.712791,101264.806748073,-339301257.055403
97,E07000073,Harlow, ,545276,209589,0.103888,51.76614,22091.2206166716,-29849413.0761565
98,E07000074,Maldon, ,591413,212072,0.77310598,51.774578,146325.102480838,-362473002.350065
99,E07000075,Rochford, ,585979,191417,0.683442,51.5909,104163.667838914,-167086945.679195
100,E07000076,Tendring, ,614190,222141,1.108981,51.856739,136935.301358037,-330776120.81767
101,E07000077,Uttlesford, ,557832,228865,0.294485,51.935921,138938.254981938,-645320729.848004
102,E07000078,Cheltenham, ,394925,222232,-2.07515,51.898609,31000.6848909493,-46538844.812369
103,E07000079,Cotswold, ,402125,208209,-1.97059,51.772549,275881.53107461,-1167648900.8812
104,E07000080,Forest of Dean, ,367175,212759,-2.47755,51.812489,165365.449723125,-556456298.145918
105,E07000081,Gloucester, ,384071,216449,-2.23263,51.846409,28016.8047040126,-40597168.8924268
106,E07000082,Stroud, ,378807,202410,-2.3081801,51.720009,142776.214299069,-472511138.827714
107,E07000083,Tewkesbury, ,386347,226279,-2.19998,51.934849,170195.507768741,-413608560.425122
108,E07000084,Basingstoke and Deane, ,454508,151423,-1.22021,51.259369,122971.049818635,-634599233.280504
109,E07000085,East Hampshire, ,474404,129237,-0.89999998,50,124145.932057116,-513806536.045596
110,E07000086,Eastleigh, ,447202,116802,-1.32943,50.948719,54486.1417028276,-77756128.4331609
111,E07000087,Fareham, ,453774,106319,-1.23742,50.853882,46543.3100652584,-73320887.0305035
112,E07000088,Gosport, ,458769,101088,-1.16731,50.806358,27072.233950435,-26230445.312934
113,E07000089,Hart, ,477985,154240,-0.88321,51.281971,65754.7794881366,-213323430.307491
114,E07000090,Havant, ,470178,108564,-1.00398,50.872311,62451.2469264612,-55975394.0125793
115,E07000091,New Forest, ,428748,106521,-1.59293,50.857479,168101.481261694,-755101011.624431
116,E07000092,Rushmoor, ,486022,153944,-0.76806998,51.278149,26427.419434277,-39413424.6417494
117,E07000093,Test Valley, ,434930,137329,-1.50214,51.134171,158135.341128813,-626217820.387766
118,E07000094,Winchester, ,453115,125901,-1.24393,51.030022,142796.070019979,-660893003.930121
119,E07000095,Broxbourne, ,534742,204251,-0.050730001,51.720798,34985.1175302326,-51741960.7321395
120,E07000096,Dacorum, ,500084,208745,-0.55097997,51.768452,93212.9647855771,-214795770.022252
121,E07000098,Hertsmere, ,519774,199352,-0.26899001,51.680168,52255.2330688981,-99202699.2589213
122,E07000099,North Hertfordshire, ,522192,230256,-0.22314,51.957378,142748.346122292,-372012879.61524
123,E07000102,Three Rivers, ,507313,196418,-0.45005,51.656319,64616.3511846815,-88926530.0280319
124,E07000103,Watford, ,510441,198197,-0.40428999,51.6717,21681.0689271707,-22713922.5201887
125,E07000105,Ashford, ,597640,140644,0.82337397,51.130959,122616.908222331,-582956339.772679
126,E07000106,Canterbury, ,616032,158096,1.096342,51.281021,95797.2583476351,-308421546.637275
127,E07000107,Dartford, ,556167,172917,0.245276,51.433731,44130.3271614716,-72797356.96775
128,E07000108,Dover, ,628964,150942,1.2768871,51.211761,93872.7889650679,-313015687.612584
129,E07000109,Gravesham, ,566969,169114,0.39874399,51.396488,50000.8990446649,-95968939.3990265
130,E07000110,Maidstone, ,580489,151670,0.58406103,51.235661,101298.680377461,-392203482.572577
131,E07000111,Sevenoaks, ,552776,155218,0.188936,51.275631,111493.944282884,-370530445.486061
132,E07000112,Folkestone and Hythe, ,610318,134595,1.000795,51.072128,127915.475125448,-360190194.56611
133,E07000113,Swale, ,593583,161818,0.77689302,51.32251,163246.330150154,-372073571.880873
134,E07000114,Thanet, ,631839,166752,1.328226,51.35252,46248.5490649339,-104353873.404873
135,E07000115,Tonbridge and Malling, ,564014,153898,0.34930599,51.260639,91656.6902734208,-243613407.557213
136,E07000116,Tunbridge Wells, ,573139,136599,0.471632,51.102539,117002.359413129,-327429439.059619
137,E07000117,Burnley, ,384886,430882,-2.2307999,53.774059,48840.1303004996,-111744597.97098
138,E07000118,Chorley, ,359189,419724,-2.61921,53.672401,77347.7464790319,-202983727.28554
139,E07000119,Fylde, ,339554,433811,-2.9191401,53.797089,67335.5236935594,-164117281.994981
140,E07000120,Hyndburn, ,374407,428971,-2.3896401,53.756481,36312.5104655109,-73015503.1617829
141,E07000121,Lancaster, ,356896,464988,-2.6603,54.07901,167797.392829473,-580198291.074633
142,E07000122,Pendle, ,387637,443368,-2.18957,53.88636,66104.8783597392,-166912809.701308
143,E07000123,Preston, ,352825,436432,-2.7180901,53.822021,61284.8615313238,-142889484.479753
144,E07000124,Ribble Valley, ,372687,447676,-2.4173999,53.9245,127503.242525107,-583088640.57076
145,E07000125,Rossendale, ,382827,420955,-2.2614901,53.68478,62470.7413737989,-136992197.340402
146,E07000126,South Ribble, ,352017,425840,-2.7287099,53.726749,66247.3907158228,-115175204.762763
147,E07000127,West Lancashire, ,342611,413270,-2.8689301,53.612831,108677.626451364,-347370085.528926
148,E07000128,Wyre, ,347295,445159,-2.8035901,53.89991,114119.197251463,-285610634.253669
149,E07000129,Blaby, ,454385,297994,-1.1988699,52.577061,80278.7476985504,-130075520.505957
150,E07000130,Charnwood, ,458365,316155,-1.13694,52.739899,93463.6246503569,-275627201.428276
151,E07000131,Harborough, ,474549,293875,-0.90228999,52.537659,142448.602364299,-594890301.120907
152,E07000132,Hinckley and Bosworth, ,439538,301379,-1.41755,52.608768,93517.8416562169,-300065242.895738
153,E07000133,Melton, ,477328,323472,-0.85439998,52.803291,116588.575160207,-484033976.370951
154,E07000134,North West Leicestershire, ,439111,316252,-1.4220901,52.7425,95775.8668063787,-278295763.715317
155,E07000135,Oadby and Wigston, ,461543,299379,-1.0930001,52.588749,23050.2510544195,-23221816.1054285
156,E07000136,Boston, ,526851,343953,-0.11218,52.97794,105055.966415107,-365480950.928036
157,E07000137,East Lindsey, ,534861,376064,0.020516001,53.264462,207037.178715188,-1772840626.01964
158,E07000138,Lincoln, ,496347,370096,-0.55848002,53.219212,28546.9242862253,-34776950.2810334
159,E07000139,North Kesteven, ,502135,354788,-0.47670001,53.080582,163501.578604876,-921048722.356989
160,E07000140,South Holland, ,532910,322928,-0.03057,52.787579,141550.211873492,-755106093.148561
161,E07000141,South Kesteven, ,501406,328986,-0.49564999,52.84885,184694.096770289,-942016773.323425
162,E07000142,West Lindsey, ,499314,390326,-0.50774002,53.40044,221129.390113854,-1158109574.94258
163,E07000143,Breckland, ,591015,303330,0.81871599,52.594212,206994.718333475,-1301635291.91695
164,E07000144,Broadland, ,619864,315909,1.252317,52.69622,166558.484557316,-551971935.543456
165,E07000145,Great Yarmouth, ,646761,315881,1.64951,52.684391,76391.0020373951,-180470408.017949
166,E07000146,King's Lynn and West Norfolk, ,571219,315805,0.533243,52.71283,243140.331059106,-1437543521.63819
167,E07000147,North Norfolk, ,611076,330857,1.132099,52.833889,222421.302207638,-961332382.322258
168,E07000148,Norwich, ,622355,309773,1.284979,52.640129,35520.6943754003,-39013087.0110703
169,E07000149,South Norfolk, ,628990,295823,1.373233,52.51218,197259.780692859,-908690749.452545
170,E07000150,Corby, ,487862,290681,-0.7069,52.506969,52976.1744786332,-80022082.8730645
171,E07000151,Daventry, ,467286,268437,-1.01447,52.30994,146438.474228952,-664302156.944507
172,E07000152,East Northamptonshire, ,501344,287839,-0.50919998,52.479092,138054.510683556,-509088787.388009
173,E07000153,Kettering, ,483866,282852,-0.76773,52.437229,79582.6270829398,-236661757.825679
174,E07000154,Northampton, ,476495,260539,-0.88121003,52.237751,38381.6880843434,-82550641.3607761
175,E07000155,South Northamptonshire, ,463000,247077,-1.08129,52.118439,185039.866123709,-627655460.084926
176,E07000156,Wellingborough, ,487787,266827,-0.71425003,52.29258,61125.3161624824,-166028815.974148
177,E07000163,Craven, ,389513,461989,-2.16168,54.053761,173493.435786727,-1183446002.04613
178,E07000164,Hambleton, ,443009,490546,-1.34049,54.30872,256073.990725756,-1308990477.64596
179,E07000165,Harrogate, ,427473,464652,-1.58161,54.07708,211576.8818007,-1306604424.52832
180,E07000166,Richmondshire, ,401039,495786,-1.98552,54.357609,196158.860431074,-1322210844.88815
181,E07000167,Ryedale, ,475590,478890,-0.84276998,54.200211,220948.363092817,-1510343027.08917
182,E07000168,Scarborough, ,495798,495548,-0.52778,54.3465,200718.188326702,-816224490.182734
183,E07000169,Selby, ,457551,426670,-1.1290801,53.733269,145992.149294426,-606325032.769877
184,E07000170,Ashfield, ,450035,355843,-1.25422,53.097469,57593.5065691221,-108522422.369092
185,E07000171,Bassetlaw, ,468073,384835,-0.97869998,53.356041,136469.052799925,-639297385.903073
186,E07000172,Broxtowe, ,449829,341893,-1.2594399,52.972099,52747.5671153141,-79451505.7425728
187,E07000173,Gedling, ,459184,347811,-1.1190701,53.024342,59267.8599647837,-120120105.895253
188,E07000174,Mansfield, ,455047,363637,-1.17804,53.16703,45444.4194636808,-78367820.468284
189,E07000175,Newark and Sherwood, ,470624,357451,-0.94643003,53.1096,159292.081065811,-651135384.666329
190,E07000176,Rushcliffe, ,466606,335453,-1.01097,52.912399,104457.668921033,-410575266.204035
191,E07000177,Cherwell, ,449301,221201,-1.28506,51.887199,184794.721033809,-590762121.52238
192,E07000178,Oxford, ,452277,206368,-1.24405,51.753571,30243.6411134712,-45105986.515356
193,E07000179,South Oxfordshire, ,463890,191964,-1.07847,51.622879,172264.462060174,-676304174.131844
194,E07000180,Vale of White Horse, ,435693,195197,-1.48543,51.65443,146014.889847101,-582881906.936689
195,E07000181,West Oxfordshire, ,434343,215816,-1.50292,51.839901,132447.034713829,-713073679.608077
196,E07000187,Mendip, ,362238,144090,-2.54178,51.194759,164479.721956446,-740774473.206613
197,E07000188,Sedgemoor, ,338429,143998,-2.8824601,51.19186,160376.464874186,-567104633.456869
198,E07000189,South Somerset, ,345633,120798,-2.7758801,50.98399,195453.927770243,-962131766.525469
199,E07000192,Cannock Chase, ,401261,311553,-1.98277,52.70166,41988.8442549197,-79674051.0893224
200,E07000193,East Staffordshire, ,412601,326569,-1.81438,52.83651,138083.11500162,-394049047.610254
201,E07000194,Lichfield, ,416283,310967,-1.7604899,52.696152,104021.813450823,-328434453.312806
202,E07000195,Newcastle-under-Lyme, ,378199,345174,-2.3263099,53.003448,87776.1226300063,-210621411.874863
203,E07000196,South Staffordshire, ,389625,311037,-2.1549499,52.696918,152655.33275047,-409479803.070195
204,E07000197,Stafford, ,389001,327836,-2.1647501,52.847919,128778.872274956,-598925439.774612
205,E07000198,Staffordshire Moorlands, ,400543,352443,-1.99334,53.069241,120005.200161328,-576424736.127169
206,E07000199,Tamworth, ,421455,302550,-1.68451,52.620312,25384.2756741617,-30613879.3794304
207,E07000200,Babergh, ,599987,244692,0.91614902,52.064499,143747.531735955,-594963367.44468
208,E07000202,Ipswich, ,617161,244456,1.166145,52.05592,29187.8756753917,-40844683.5324653
209,E07000203,Mid Suffolk, ,611646,262338,1.096953,52.21859,159692.968871504,-873326991.566775
210,E07000207,Elmbridge, ,511882,163658,-0.39441001,51.360981,43265.2412446416,-95445511.9430783
211,E07000208,Epsom and Ewell, ,521176,161475,-0.26172,51.339451,26065.5221260546,-34819300.3767411
212,E07000209,Guildford, ,500408,151481,-0.56256998,51.253658,104284.418643208,-271962367.118839
213,E07000210,Mole Valley, ,518377,148953,-0.30603001,51.227489,84131.8636408555,-256062692.343854
214,E07000211,Reigate and Banstead, ,525786,152574,-0.19870999,51.258461,61530.9442699762,-129075181.822802
215,E07000212,Runnymede, ,501777,166979,-0.53855002,51.392731,37971.652042701,-79350129.2237104
216,E07000213,Spelthorne, ,507012,169622,-0.46254,51.41552,34314.7997371659,-51875873.9543188
217,E07000214,Surrey Heath, ,491362,160483,-0.68985999,51.336102,46464.6679289864,-97022373.4408055
218,E07000215,Tandridge, ,536365,150325,-0.048050001,51.235809,69706.0396709635,-247431183.307275
219,E07000216,Waverley, ,496363,140635,-0.60000002,50,102272.670803001,-342983597.314543
220,E07000217,Woking, ,499087,157542,-0.57981998,51.308369,41474.9128572706,-61706657.2486266
221,E07000218,North Warwickshire, ,425570,296399,-1.6242,52.564838,96478.8783679953,-285090612.987698
222,E07000219,Nuneaton and Bedworth, ,435419,289352,-1.47965,52.500938,40985.6677355621,-77956834.2374922
223,E07000220,Rugby, ,446498,276244,-1.31828,52.382278,96983.2055659896,-349027031.216869
224,E07000221,Stratford-on-Avon, ,425019,251536,-1.63565,52.161541,217998.265507714,-979529720.230181
225,E07000222,Warwick, ,428484,267113,-1.58369,52.301418,91460.5108497818,-283003861.245519
226,E07000223,Adur, ,518076,106472,-0.32416999,50.845718,31646.783515532,-41256603.4801347
227,E07000224,Arun, ,495144,105723,-0.64999002,50.843208,96774.63907898,-224516471.820402
228,E07000225,Chichester, ,490285,116600,-0.71630001,50.941769,182043.178219739,-786850847.487548
229,E07000226,Crawley, ,526390,137581,-0.19532999,51.123569,33575.9877817937,-45831355.9339914
230,E07000227,Horsham, ,513674,123840,-0.38126001,51.00272,128161.261463293,-530018507.857217
231,E07000228,Mid Sussex, ,533054,130623,-0.10272,51.059528,108958.988468415,-336802141.145503
232,E07000229,Worthing, ,512679,104948,-0.40127,50.833099,25741.8272547054,-30613446.7289103
233,E07000234,Bromsgrove, ,399840,273736,-2.0037601,52.361691,90567.132107399,-218023939.407824
234,E07000235,Malvern Hills, ,377465,252197,-2.3308899,52.16758,187652.46804331,-579708192.719125
235,E07000236,Redditch, ,403705,265253,-1.9471,52.285412,32533.5188480734,-55070594.8725745
236,E07000237,Worcester, ,385725,255196,-2.2102499,52.19482,23906.971747603,-34532079.0234438
237,E07000238,Wychavon, ,398991,247839,-2.01614,52.12886,184017.0813052,-659848231.50153
238,E07000239,Wyre Forest, ,384106,276388,-2.2349401,52.3853,82043.4435907608,-196196712.4123
239,E07000240,St Albans, ,514580,209623,-0.3407,51.77356,63002.8257210594,-158865311.523541
240,E07000241,Welwyn Hatfield, ,525345,208467,-0.18517999,51.760872,69326.056596373,-129449585.049058
241,E07000242,East Hertfordshire, ,537995,220370,0.0027389999,51.864849,112056.976391477,-477740893.57336
242,E07000243,Stevenage, ,524622,224531,-0.18987,51.905392,22050.2143265599,-26824166.0814166
243,E07000244,East Suffolk, ,636043,266272,1.4561861,52.243992,230638.67610134,-1281461206.28242
244,E07000245,West Suffolk, ,580944,271124,0.65276903,52.308418,220613.29740625,-1034496710.3862
245,E07000246,Somerset West and Taunton, ,304960,130228,-3.3576601,51.06348,233156.429711713,-1191177860.49499
246,E08000001,Bolton, ,368352,409873,-2.4795201,53.584492,64700.0073741873,-138708159.81058
247,E08000002,Bury, ,379658,410768,-2.3088,53.593102,57024.343964005,-100752668.832523
248,E08000003,Manchester, ,384591,397063,-2.2335899,53.470089,69389.3342447551,-111895372.049983
249,E08000004,Oldham, ,396603,406784,-2.0527401,53.557678,60962.5161536524,-144009083.688847
250,E08000005,Rochdale, ,390315,412326,-2.14784,53.60741,70324.1997306319,-156240276.628961
251,E08000006,Salford, ,374556,398128,-2.38485,53.479271,56607.4574926673,-97966760.8522574
252,E08000007,Stockport, ,391806,388264,-2.12467,53.391159,56951.0021071987,-125536175.953434
253,E08000008,Tameside, ,394987,397995,-2.0769999,53.478668,43841.7215072139,-102159712.453142
254,E08000009,Trafford, ,375790,391162,-2.36572,53.41671,50772.1551214183,-108001520.134194
255,E08000010,Wigan, ,362136,402126,-2.5724699,53.51445,71520.3471690432,-188328606.71837
256,E08000011,Knowsley, ,344762,393778,-2.8329699,53.437881,57788.9038805896,-86257644.2380205
257,E08000012,Liverpool, ,339361,390553,-2.91364,53.408298,54583.1661367886,-112980859.111845
258,E08000013,St. Helens, ,353412,395992,-2.7031,53.458618,64907.6417699786,-135955079.347702
259,E08000014,Sefton, ,334282,398832,-2.99177,53.482101,90566.5308544862,-153244592.755785
260,E08000015,Wirral, ,329110,386965,-3.0670099,53.374779,55500.3984764308,-152732388.201951
261,E08000016,Barnsley, ,429979,403327,-1.54925,53.525768,106147.881594816,-327231730.553471
262,E08000017,Doncaster, ,459167,403735,-1.10894,53.52697,116245.904311694,-567273208.501096
263,E08000018,Rotherham, ,447542,388980,-1.28651,53.395531,88845.3632514031,-289185192.302458
264,E08000019,Sheffield, ,430511,389736,-1.54254,53.40358,114173.751548161,-366749529.310546
265,E08000021,Newcastle upon Tyne, ,422287,569662,-1.65297,55.021011,53436.5447599311,-113009178.20583
266,E08000022,North Tyneside, ,431471,570602,-1.50923,55.028961,48716.7325444163,-83782864.3470132
267,E08000023,South Tyneside, ,435514,564057,-1.44679,54.969879,33704.0447748324,-62186626.2331504
268,E08000024,Sunderland, ,436470,551524,-1.43344,54.857189,57291.2728352348,-136397343.069126
269,E08000025,Birmingham, ,408150,287352,-1.88141,52.484039,88776.3432187477,-269026608.653707
270,E08000026,Coventry, ,432807,279689,-1.51908,52.41423,43481.4057273969,-99799013.6588529
271,E08000027,Dudley, ,393191,288584,-2.1017101,52.495129,60125.2237570879,-97264778.3218851
272,E08000028,Sandwell, ,399573,290764,-2.00771,52.514771,48306.2485949548,-85222122.4991165
273,E08000029,Solihull, ,419434,281483,-1.71558,52.431,82695.460772941,-177542587.905797
274,E08000030,Walsall, ,402098,300804,-1.97044,52.60503,49836.8728324194,-104027261.810831
275,E08000031,Wolverhampton, ,391463,300016,-2.12746,52.597881,41126.9610793456,-69466620.759775
276,E08000032,Bradford, ,408395,438626,-1.87389,53.843819,113226.190390702,-368386843.278922
277,E08000033,Calderdale, ,402617,424896,-1.96182,53.720482,94050.2456636642,-367618489.551433
278,E08000034,Kirklees, ,414586,416223,-1.7808501,53.64233,106837.808448509,-405306353.685138
279,E08000035,Leeds, ,432528,436384,-1.50736,53.822731,133753.100779886,-550578568.396981
280,E08000036,Wakefield, ,438366,418235,-1.42092,53.659222,90373.7394989731,-337273075.097138
281,E08000037,Gateshead, ,420168,559658,-1.6868,54.931198,67934.528109842,-147556282.328885
282,E09000001,City of London, ,532382,181358,-0.093510002,51.51564,6902.14934515467,-2677107.49684891
283,E09000002,Barking and Dagenham, ,547757,185111,0.12947901,51.545551,31245.4856891574,-36393697.9841934
284,E09000003,Barnet, ,523473,191752,-0.21819,51.611069,41943.7866617034,-86664945.9042041
285,E09000004,Bexley, ,549202,175434,0.146212,51.458221,36622.0074469362,-61697805.2041406
286,E09000005,Brent, ,519615,186465,-0.27568001,51.564381,33216.3568265264,-44179370.1184074
287,E09000006,Bromley, ,542036,165707,0.039246,51.372662,63022.5056476342,-150198654.580448
288,E09000007,Camden, ,527491,184283,-0.16291,51.543049,22059.4704119237,-21269432.2465965
289,E09000008,Croydon, ,533922,164744,-0.077610001,51.365971,46714.4531337075,-85975711.5309306
290,E09000009,Ealing, ,517055,181959,-0.3141,51.524422,39296.8632324367,-54703293.5005051
291,E09000010,Enfield, ,532831,196198,-0.081440002,51.648891,37695.486839901,-83007482.297192
292,E09000011,Greenwich, ,542507,175878,0.050092999,51.46394,37969.7378220854,-47364920.2022298
293,E09000012,Hackney, ,534560,185787,-0.060449999,51.55492,21351.2425933913,-19832945.175824
294,E09000013,Hammersmith and Fulham, ,523867,177993,-0.21735001,51.487331,20302.428508753,-17334834.7195822
295,E09000014,Haringey, ,531260,189349,-0.1067,51.587711,25726.8573241027,-28656867.0462134
296,E09000015,Harrow, ,515359,189736,-0.33598,51.594669,31182.0556027942,-51801479.5923005
297,E09000016,Havering, ,555032,187514,0.235368,51.565189,58349.8663174561,-113343665.892061
298,E09000017,Hillingdon, ,508166,183121,-0.44182,51.53664,55983.0930020594,-115513311.430062
299,E09000018,Hounslow, ,512737,174959,-0.37854999,51.462379,46714.5720246651,-56820418.869485
300,E09000019,Islington, ,531160,184645,-0.10989,51.54546,17529.0688543183,-15147055.2425607
301,E09000020,Kensington and Chelsea, ,525756,179058,-0.18977,51.496479,17844.7683544188,-11387818.7860765
302,E09000021,Kingston upon Thames, ,519508,167389,-0.28367001,51.39296,33046.9283689113,-37995748.2761416
303,E09000022,Lambeth, ,531118,175629,-0.11385,51.464451,28899.8950071749,-27177208.1917717
304,E09000023,Lewisham, ,537888,173343,-0.017340001,51.442299,30904.1414076361,-34353959.8027145
305,E09000024,Merton, ,526068,169508,-0.18867999,51.41058,27911.0759982996,-37363811.4060924
306,E09000025,Newham, ,540713,183346,0.027261,51.53149,25736.2094288913,-37051275.3788556
307,E09000026,Redbridge, ,543512,189477,0.070084997,51.58588,36057.1402258099,-57732626.1652955
308,E09000027,Richmond upon Thames, ,519005,172650,-0.28913999,51.44035,45187.6677868171,-57385306.9700058
309,E09000028,Southwark, ,533945,175869,-0.073080003,51.465939,28196.2949321686,-29837788.9061848
310,E09000029,Sutton, ,527357,163639,-0.17226,51.357552,32955.8516850641,-44490891.0716008
311,E09000030,Tower Hamlets, ,536340,181452,-0.03647,51.515541,25467.5256754541,-19520193.7716314
312,E09000031,Waltham Forest, ,537328,190278,-0.0188,51.594608,28358.2612712938,-39280519.9152705
313,E09000032,Wandsworth, ,525152,174138,-0.20021001,51.4524,32987.7564779204,-35067705.1437853
314,E09000033,Westminster, ,528268,180871,-0.15295,51.512211,22657.0608258363,-22896812.787828
315,N09000001,Antrim and Newtownabbey, ,130813,541285,-6.1775999,54.693859,145231.019636579,-725800900.120234
316,N09000002,"Armagh City, Banbridge and Craigavon", ,112110,508158,-6.4345498,54.3867,200894.669391751,-1436130448.67178
317,N09000003,Belfast, ,146465,529747,-5.9253502,54.59853,55370.6109094332,-137794023.25821
318,N09000004,Causeway Coast and Glens, ,106168,581420,-6.5995998,55.039619,285674.037232756,-1985252735.11038
319,N09000005,Derry City and Strabane, ,51779,559566,-7.42064,54.80904,232729.547862666,-1246637562.23224
320,N09000006,Fermanagh and Omagh, ,41233,513013,-7.5271001,54.385208,353603.406453789,-3009094379.15596
321,N09000007,Lisburn and Castlereagh, ,138712,518920,-6.03545,54.49752,133181.9440907,-511681221.176641
322,N09000008,Mid and East Antrim, ,133943,560151,-6.14645,54.86462,198438.99519978,-1064497440.10838
323,N09000009,Mid Ulster, ,83920,528564,-6.8888998,54.552731,267949.605613351,-1960344170.38619
324,N09000010,"Newry, Mourne and Down", ,133006,480432,-6.0889101,54.149529,292916.734120249,-1686596198.20426
325,N09000011,Ards and North Down, ,164321,524944,-5.64568,54.564091,133209.664417331,-568030925.714058
326,S12000005,Clackmannanshire, ,291178,696402,-3.75316,56.147839,72429.9851635155,-162845671.371449
327,S12000006,Dumfries and Galloway, ,270645,579856,-4.0286298,55.09621,672022.01350868,-6444952850.35075
328,S12000008,East Ayrshire, ,255398,624935,-4.2905698,55.496738,276686.020027799,-1272832615.86673
329,S12000010,East Lothian, ,354854,672351,-2.72435,55.94207,140169.732804195,-678145466.358989
330,S12000011,East Renfrewshire, ,251929,653115,-4.3606,55.74868,75237.1219538965,-175683611.934498
331,S12000013,Na h-Eileanan Siar, ,126473,932862,-6.6572199,58.199379,1593167.0549543,-3039462599.20003
332,S12000014,Falkirk, ,285585,680168,-3.83619,56.000751,106975.968824335,-299676135.103683
333,S12000017,Highland, ,241018,858292,-4.6610298,57.586571,3079164.071831,-26120229952.3144
334,S12000018,Inverclyde, ,227922,670894,-4.75387,55.900299,61850.5557012329,-163739790.867326
335,S12000019,Midlothian, ,330088,659217,-3.1173799,55.82111,110233.841227701,-354813985.934287
336,S12000020,Moray, ,328015,843590,-3.2020199,57.476799,339064.957230469,-2250629823.26321
337,S12000021,North Ayrshire, ,228996,651640,-4.7245998,55.72789,256094.958325885,-880765500.525266
338,S12000023,Orkney Islands, ,348293,1006584,-2.90025,58.94334,769814.66544799,-992883156.489421
339,S12000026,Scottish Borders, ,345889,626137,-2.85869,55.525951,430321.291325719,-4743912164.19185
340,S12000027,Shetland Islands, ,434516,1180307,-1.37344,60.504951,1177104.67511641,-1430696670.63469
341,S12000028,South Ayrshire, ,226545,596271,-4.7289901,55.23008,246312.345711275,-1221022680.30986
342,S12000029,South Lanarkshire, ,284634,636071,-3.83272,55.60453,247590.081940624,-1771615500.6439
343,S12000030,Stirling, ,255980,708769,-4.3259501,56.249531,286927.508850726,-2259083398.41554
344,S12000033,Aberdeen City, ,387763,808479,-2.20398,57.166969,81173.5111329446,-185667092.219948
345,S12000034,Aberdeenshire, ,352284,816277,-2.7920799,57.234692,549723.371705764,-6322067831.69114
346,S12000035,Argyll and Bute, ,200740,715443,-5.2211399,56.28944,2180350.7863094,-6963138771.9833
347,S12000036,City of Edinburgh, ,320193,669417,-3.27826,55.911201,88848.0166088863,-263257592.273749
348,S12000038,Renfrewshire, ,239305,664698,-4.5683398,55.848621,89379.6235306389,-269710252.350352
349,S12000039,West Dunbartonshire, ,242904,681586,-4.52074,56.0014,73529.8749478943,-179457861.603034
350,S12000040,West Lothian, ,299483,668514,-3.6090901,55.8992,113022.03440032,-427172577.852435
351,S12000041,Angus, ,345506,759636,-2.8921001,56.725182,245544.533640246,-2194117982.38486
352,S12000042,Dundee City, ,340291,732145,-2.9709499,56.4776,39629.433468433,-57820895.5427163
353,S12000045,East Dunbartonshire, ,261240,676154,-4.2241702,55.95829,83606.6273080683,-173578352.182457
354,S12000047,Fife, ,339187,704721,-2.9825101,56.231121,248412.092550438,-1323366821.52611
355,S12000048,Perth and Kinross, ,284302,744185,-3.88484,56.575279,485181.93105891,-5385358556.56884
356,S12000049,Glasgow City, ,261534,667033,-4.2147899,55.876492,87927.4678219518,-178529066.400246
357,S12000050,North Lanarkshire, ,277984,665608,-3.9514,55.868141,139061.786893944,-470403040.707099
358,W06000001,Isle of Anglesey,Ynys Môn,245217,378331,-4.3229799,53.279308,178589.246642386,-715231442.082908
359,W06000002,Gwynedd,Gwynedd,280555,334966,-3.7771499,52.89883,411970.88487908,-2553444316.26091
360,W06000003,Conwy,Conwy,283293,362563,-3.74646,53.147388,196263.774907246,-1137241708.58845
361,W06000004,Denbighshire,Sir Ddinbych,309843,355416,-3.34761,53.088329,188272.099609995,-834235355.649101
362,W06000005,Flintshire,Sir y Fflint,321134,369280,-3.1824801,53.21471,129153.46133386,-433977619.035637
363,W06000006,Wrexham,Wrecsam,333523,345387,-2.9920299,53.001671,155283.77627925,-506885367.147934
364,W06000008,Ceredigion,Ceredigion,267127,268437,-3.94993,52.297951,256694.621940526,-1781834006.27249
365,W06000009,Pembrokeshire,Sir Benfro,199821,221392,-4.9081802,51.855129,361065.099511939,-1628791540.66992
366,W06000010,Carmarthenshire,Sir Gaerfyrddin,247954,224133,-4.2111001,51.894951,284419.084953587,-2381092295.34466
367,W06000011,Swansea,Abertawe,264022,197308,-3.9672301,51.658058,116627.963704057,-383642324.151135
368,W06000012,Neath Port Talbot,Castell-nedd Port Talbot,279261,195412,-3.7463801,51.644501,119094.920796963,-446558250.221829
369,W06000013,Bridgend,Pen-y-bont ar Ogwr,288231,185870,-3.61375,51.5606,76260.288572421,-249408149.727746
370,W06000014,Vale of Glamorgan,Bro Morgannwg,302947,173080,-3.39801,51.44836,86698.3425244419,-329187507.046167
371,W06000015,Cardiff,Caerdydd,315272,178887,-3.22209,51.502541,54383.2370706351,-142068104.619129
372,W06000016,Rhondda Cynon Taf,Rhondda Cynon Taf,302237,192395,-3.41359,51.621849,112336.533505479,-422322765.345929
373,W06000018,Caerphilly,Caerffili,317245,195259,-3.19753,51.650009,98224.5000004764,-277815064.267857
374,W06000019,Blaenau Gwent,Blaenau Gwent,318236,206771,-3.18592,51.753639,58166.9529683021,-109273372.238997
375,W06000020,Torfaen,Torfaen,327459,200480,-3.0510099,51.69836,68469.967277748,-125716747.27971
376,W06000021,Monmouthshire,Sir Fynwy,337812,209231,-2.9028001,51.778271,181596.745221589,-854473491.101764
377,W06000022,Newport,Casnewydd,337897,187432,-2.8976901,51.58231,81882.1942381903,-192540015.193894
378,W06000023,Powys,Powys,302329,273255,-3.4353099,52.34864,504309.884311879,-5199755131.46537
379,W06000024,Merthyr Tydfil,Merthyr Tudful,305916,206424,-3.3642499,51.748581,59195.3263419334,-113429186.940101
